/*service*/
insert into service (service_id, service_description, service_cost)
values
(1, "Drink at bar", 10),
(2, "Food and drink at restaurant", 20),
(3, "Hair salon", 15),
(4, "Gym", 10),
(5, "Sauna",30),
(6, "Use Conference room",100),
(1001, "Room", 50),
(1002, "Room", 50),
(1003, "Room", 50),
(1004, "Room", 50),
(1005, "Room", 50),
(1006, "Room", 50),
(1007, "Room", 50),
(1008, "Room", 50),
(1009, "Room", 50),
(1010, "Room", 50),
(1011, "Room", 70),
(1012, "Room", 70),
(1013, "Room", 70),
(1014, "Room", 70),
(1015, "Room", 70),
(1016, "Room", 70),
(1017, "Room", 70),
(1018, "Room", 70),
(1019, "Room", 70),
(1020, "Room", 70),
(1021, "Room", 70),
(1022, "Room", 70),
(1023, "Room", 70),
(1024, "Room", 70),
(1025, "Room", 70),
(1026, "Room", 70),
(1027, "Room", 70),
(1028, "Room", 70),
(1029, "Room", 70),
(1030, "Room", 70),
(1031, "Room", 70),
(1032, "Room", 70),
(1033, "Room", 70),
(1034, "Room", 70),
(1035, "Room", 70),
(1036, "Room", 70),
(1037, "Room", 70),
(1038, "Room", 70),
(1039, "Room", 70),
(1040, "Room", 70),
(1041, "Room", 70),
(1042, "Room", 70),
(1043, "Room", 70),
(1044, "Room", 70),
(1045, "Room", 70),
(1046, "Room", 70),
(1047, "Room", 70),
(1048, "Room", 70),
(1049, "Room", 70),
(1050, "Room", 70),
(1051, "Room", 90),
(1052, "Room", 90),
(1053, "Room", 90),
(1054, "Room", 90),
(1055, "Room", 90),
(1056, "Room", 90),
(1057, "Room", 90),
(1058, "Room", 90),
(1059, "Room", 90),
(1060, "Room", 90),
(1061, "Room", 90),
(1062, "Room", 90),
(1063, "Room", 90),
(1064, "Room", 90),
(1065, "Room", 90),
(1066, "Room", 90),
(1067, "Room", 90),
(1068, "Room", 90),
(1069, "Room", 90),
(1070, "Room", 90),
(1071, "Room", 120),
(1072, "Room", 120),
(1073, "Room", 120),
(1074, "Room", 120),
(1075, "Room", 120),
(1076, "Room", 120),
(1077, "Room", 120),
(1078, "Room", 120),
(1079, "Room", 120),
(1080, "Room", 120),
(1081, "Room", 120),
(1082, "Room", 120),
(1083, "Room", 120),
(1084, "Room", 120),
(1085, "Room", 120),
(1086, "Room", 120),
(1087, "Room", 120),
(1088, "Room", 120),
(1089, "Room", 120),
(1090, "Room", 120),
(1091, "Room", 120),
(1092, "Room", 120),
(1093, "Room", 120),
(1094, "Room", 120),
(1095, "Room", 120),
(1096, "Room", 120),
(1097, "Room", 120),
(1098, "Room", 120),
(1099, "Room", 120),
(1100, "Room", 120),
(2001, "Room", 50),
(2002, "Room", 50),
(2003, "Room", 50),
(2004, "Room", 50),
(2005, "Room", 50),
(2006, "Room", 50),
(2007, "Room", 50),
(2008, "Room", 50),
(2009, "Room", 50),
(2010, "Room", 50),
(2011, "Room", 50),
(2012, "Room", 50),
(2013, "Room", 50),
(2014, "Room", 50),
(2015, "Room", 50),
(2016, "Room", 50),
(2017, "Room", 50),
(2018, "Room", 50),
(2019, "Room", 50),
(2020, "Room", 50),
(2021, "Room", 70),
(2022, "Room", 70),
(2023, "Room", 70),
(2024, "Room", 70),
(2025, "Room", 70),
(2026, "Room", 70),
(2027, "Room", 70),
(2028, "Room", 70),
(2029, "Room", 70),
(2030, "Room", 70),
(2031, "Room", 70),
(2032, "Room", 70),
(2033, "Room", 70),
(2034, "Room", 70),
(2035, "Room", 70),
(2036, "Room", 70),
(2037, "Room", 70),
(2038, "Room", 70),
(2039, "Room", 70),
(2040, "Room", 70),
(2041, "Room", 70),
(2042, "Room", 70),
(2043, "Room", 70),
(2044, "Room", 70),
(2045, "Room", 70),
(2046, "Room", 70),
(2047, "Room", 70),
(2048, "Room", 70),
(2049, "Room", 70),
(2050, "Room", 70),
(2051, "Room", 70),
(2052, "Room", 70),
(2053, "Room", 70),
(2054, "Room", 70),
(2055, "Room", 70),
(2056, "Room", 70),
(2057, "Room", 70),
(2058, "Room", 70),
(2059, "Room", 70),
(2060, "Room", 70),
(2061, "Room", 90),
(2062, "Room", 90),
(2063, "Room", 90),
(2064, "Room", 90),
(2065, "Room", 90),
(2066, "Room", 90),
(2067, "Room", 90),
(2068, "Room", 90),
(2069, "Room", 90),
(2070, "Room", 90),
(2071, "Room", 90),
(2072, "Room", 90),
(2073, "Room", 90),
(2074, "Room", 90),
(2075, "Room", 90),
(2076, "Room", 90),
(2077, "Room", 90),
(2078, "Room", 90),
(2079, "Room", 90),
(2080, "Room", 90),
(2081, "Room", 90),
(2082, "Room", 90),
(2083, "Room", 90),
(2084, "Room", 90),
(2085, "Room", 90),
(2086, "Room", 90),
(2087, "Room", 90),
(2088, "Room", 90),
(2089, "Room", 90),
(2090, "Room", 90),
(2091, "Room", 120),
(2092, "Room", 120),
(2093, "Room", 120),
(2094, "Room", 120),
(2095, "Room", 120),
(2096, "Room", 120),
(2097, "Room", 120),
(2098, "Room", 120),
(2099, "Room", 120),
(2100, "Room", 120),
(2101, "Room", 120),
(2102, "Room", 120),
(2103, "Room", 120),
(2104, "Room", 120),
(2105, "Room", 120),
(2106, "Room", 120),
(2107, "Room", 120),
(2108, "Room", 120),
(2109, "Room", 120),
(2110, "Room", 120),
(2111, "Room", 120),
(2112, "Room", 120),
(2113, "Room", 120),
(2114, "Room", 120),
(2115, "Room", 120),
(2116, "Room", 120),
(2117, "Room", 120),
(2118, "Room", 120),
(2119, "Room", 120),
(2120, "Room", 120),
(3001, "Room", 100),
(3002, "Room", 100),
(3003, "Room", 100),
(3004, "Room", 100),
(3005, "Room", 100),
(3006, "Room", 100),
(3007, "Room", 100),
(3008, "Room", 100),
(3009, "Room", 100),
(3010, "Room", 100),
(3011, "Room", 120),
(3012, "Room", 120),
(3013, "Room", 120),
(3014, "Room", 120),
(3015, "Room", 120),
(3016, "Room", 120),
(3017, "Room", 120),
(3018, "Room", 120),
(3019, "Room", 120),
(3020, "Room", 120),
(3021, "Room", 120),
(3022, "Room", 120),
(3023, "Room", 120),
(3024, "Room", 120),
(3025, "Room", 120),
(3026, "Room", 120),
(3027, "Room", 120),
(3028, "Room", 120),
(3029, "Room", 120),
(3030, "Room", 120),
(3031, "Room", 120),
(3032, "Room", 120),
(3033, "Room", 120),
(3034, "Room", 120),
(3035, "Room", 120),
(3036, "Room", 120),
(3037, "Room", 120),
(3038, "Room", 120),
(3039, "Room", 120),
(3040, "Room", 120),
(3041, "Room", 140),
(3042, "Room", 140),
(3043, "Room", 140),
(3044, "Room", 140),
(3045, "Room", 140),
(3046, "Room", 140),
(3047, "Room", 140),
(3048, "Room", 140),
(3049, "Room", 140),
(3050, "Room", 140),
(3051, "Room", 140),
(3052, "Room", 140),
(3053, "Room", 140),
(3054, "Room", 140),
(3055, "Room", 140),
(3056, "Room", 140),
(3057, "Room", 140),
(3058, "Room", 140),
(3059, "Room", 140),
(3060, "Room", 140),
(3061, "Room", 140),
(3062, "Room", 140),
(3063, "Room", 140),
(3064, "Room", 140),
(3065, "Room", 140),
(3066, "Room", 140),
(3067, "Room", 140),
(3068, "Room", 140),
(3069, "Room", 140),
(3070, "Room", 140),
(3071, "Room", 160),
(3072, "Room", 160),
(3073, "Room", 160),
(3074, "Room", 160),
(3075, "Room", 160),
(3076, "Room", 160),
(3077, "Room", 160),
(3078, "Room", 160),
(3079, "Room", 160),
(3080, "Room", 160),
(4001, "Room", 100),
(4002, "Room", 100),
(4003, "Room", 100),
(4004, "Room", 100),
(4005, "Room", 100),
(4006, "Room", 100),
(4007, "Room", 100),
(4008, "Room", 100),
(4009, "Room", 100),
(4010, "Room", 100),
(4011, "Room", 120),
(4012, "Room", 120),
(4013, "Room", 120),
(4014, "Room", 120),
(4015, "Room", 120),
(4016, "Room", 120),
(4017, "Room", 120),
(4018, "Room", 120),
(4019, "Room", 120),
(4020, "Room", 120),
(4021, "Room", 120),
(4022, "Room", 120),
(4023, "Room", 120),
(4024, "Room", 120),
(4025, "Room", 120),
(4026, "Room", 120),
(4027, "Room", 120),
(4028, "Room", 120),
(4029, "Room", 120),
(4030, "Room", 120),
(4031, "Room", 120),
(4032, "Room", 120),
(4033, "Room", 120),
(4034, "Room", 120),
(4035, "Room", 120),
(4036, "Room", 120),
(4037, "Room", 120),
(4038, "Room", 120),
(4039, "Room", 120),
(4040, "Room", 120),
(4041, "Room", 140),
(4042, "Room", 140),
(4043, "Room", 140),
(4044, "Room", 140),
(4045, "Room", 140),
(4046, "Room", 140),
(4047, "Room", 140),
(4048, "Room", 140),
(4049, "Room", 140),
(4050, "Room", 140),
(4051, "Room", 140),
(4052, "Room", 140),
(4053, "Room", 140),
(4054, "Room", 140),
(4055, "Room", 140),
(4056, "Room", 140),
(4057, "Room", 140),
(4058, "Room", 140),
(4059, "Room", 140),
(4060, "Room", 140),
(4061, "Room", 140),
(4062, "Room", 140),
(4063, "Room", 140),
(4064, "Room", 140),
(4065, "Room", 140),
(4066, "Room", 140),
(4067, "Room", 140),
(4068, "Room", 140),
(4069, "Room", 140),
(4070, "Room", 140),
(4071, "Room", 160),
(4072, "Room", 160),
(4073, "Room", 160),
(4074, "Room", 160),
(4075, "Room", 160),
(4076, "Room", 160),
(4077, "Room", 160),
(4078, "Room", 160),
(4079, "Room", 160),
(4080, "Room", 160),
(5001, "Room", 400),
(5002, "Room", 400),
(5003, "Room", 400),
(5004, "Room", 400),
(5005, "Room", 400),
(5006, "Room", 700),
(5007, "Room", 700),
(5008, "Room", 700),
(5009, "Room", 700),
(5010, "Room", 700),
(5011, "Room", 700),
(5012, "Room", 700),
(5013, "Room", 700),
(5014, "Room", 700),
(5015, "Room", 700),
(5016, "Room", 1000),
(5017, "Room", 1000),
(5018, "Room", 1000),
(5019, "Room", 1000),
(5020, "Room", 1000);





/*service_with_subscription*/
insert into service_with_subscription (service_id, service_description, service_cost) values
(4, "Gym", 10),
(5, "Sauna",30),
(6, "Use Conference room",100),
(1001, "Room", 50),
(1002, "Room", 50),
(1003, "Room", 50),
(1004, "Room", 50),
(1005, "Room", 50),
(1006, "Room", 50),
(1007, "Room", 50),
(1008, "Room", 50),
(1009, "Room", 50),
(1010, "Room", 50),
(1011, "Room", 70),
(1012, "Room", 70),
(1013, "Room", 70),
(1014, "Room", 70),
(1015, "Room", 70),
(1016, "Room", 70),
(1017, "Room", 70),
(1018, "Room", 70),
(1019, "Room", 70),
(1020, "Room", 70),
(1021, "Room", 70),
(1022, "Room", 70),
(1023, "Room", 70),
(1024, "Room", 70),
(1025, "Room", 70),
(1026, "Room", 70),
(1027, "Room", 70),
(1028, "Room", 70),
(1029, "Room", 70),
(1030, "Room", 70),
(1031, "Room", 70),
(1032, "Room", 70),
(1033, "Room", 70),
(1034, "Room", 70),
(1035, "Room", 70),
(1036, "Room", 70),
(1037, "Room", 70),
(1038, "Room", 70),
(1039, "Room", 70),
(1040, "Room", 70),
(1041, "Room", 70),
(1042, "Room", 70),
(1043, "Room", 70),
(1044, "Room", 70),
(1045, "Room", 70),
(1046, "Room", 70),
(1047, "Room", 70),
(1048, "Room", 70),
(1049, "Room", 70),
(1050, "Room", 70),
(1051, "Room", 90),
(1052, "Room", 90),
(1053, "Room", 90),
(1054, "Room", 90),
(1055, "Room", 90),
(1056, "Room", 90),
(1057, "Room", 90),
(1058, "Room", 90),
(1059, "Room", 90),
(1060, "Room", 90),
(1061, "Room", 90),
(1062, "Room", 90),
(1063, "Room", 90),
(1064, "Room", 90),
(1065, "Room", 90),
(1066, "Room", 90),
(1067, "Room", 90),
(1068, "Room", 90),
(1069, "Room", 90),
(1070, "Room", 90),
(1071, "Room", 120),
(1072, "Room", 120),
(1073, "Room", 120),
(1074, "Room", 120),
(1075, "Room", 120),
(1076, "Room", 120),
(1077, "Room", 120),
(1078, "Room", 120),
(1079, "Room", 120),
(1080, "Room", 120),
(1081, "Room", 120),
(1082, "Room", 120),
(1083, "Room", 120),
(1084, "Room", 120),
(1085, "Room", 120),
(1086, "Room", 120),
(1087, "Room", 120),
(1088, "Room", 120),
(1089, "Room", 120),
(1090, "Room", 120),
(1091, "Room", 120),
(1092, "Room", 120),
(1093, "Room", 120),
(1094, "Room", 120),
(1095, "Room", 120),
(1096, "Room", 120),
(1097, "Room", 120),
(1098, "Room", 120),
(1099, "Room", 120),
(1100, "Room", 120),
(2001, "Room", 50),
(2002, "Room", 50),
(2003, "Room", 50),
(2004, "Room", 50),
(2005, "Room", 50),
(2006, "Room", 50),
(2007, "Room", 50),
(2008, "Room", 50),
(2009, "Room", 50),
(2010, "Room", 50),
(2011, "Room", 50),
(2012, "Room", 50),
(2013, "Room", 50),
(2014, "Room", 50),
(2015, "Room", 50),
(2016, "Room", 50),
(2017, "Room", 50),
(2018, "Room", 50),
(2019, "Room", 50),
(2020, "Room", 50),
(2021, "Room", 70),
(2022, "Room", 70),
(2023, "Room", 70),
(2024, "Room", 70),
(2025, "Room", 70),
(2026, "Room", 70),
(2027, "Room", 70),
(2028, "Room", 70),
(2029, "Room", 70),
(2030, "Room", 70),
(2031, "Room", 70),
(2032, "Room", 70),
(2033, "Room", 70),
(2034, "Room", 70),
(2035, "Room", 70),
(2036, "Room", 70),
(2037, "Room", 70),
(2038, "Room", 70),
(2039, "Room", 70),
(2040, "Room", 70),
(2041, "Room", 70),
(2042, "Room", 70),
(2043, "Room", 70),
(2044, "Room", 70),
(2045, "Room", 70),
(2046, "Room", 70),
(2047, "Room", 70),
(2048, "Room", 70),
(2049, "Room", 70),
(2050, "Room", 70),
(2051, "Room", 70),
(2052, "Room", 70),
(2053, "Room", 70),
(2054, "Room", 70),
(2055, "Room", 70),
(2056, "Room", 70),
(2057, "Room", 70),
(2058, "Room", 70),
(2059, "Room", 70),
(2060, "Room", 70),
(2061, "Room", 90),
(2062, "Room", 90),
(2063, "Room", 90),
(2064, "Room", 90),
(2065, "Room", 90),
(2066, "Room", 90),
(2067, "Room", 90),
(2068, "Room", 90),
(2069, "Room", 90),
(2070, "Room", 90),
(2071, "Room", 90),
(2072, "Room", 90),
(2073, "Room", 90),
(2074, "Room", 90),
(2075, "Room", 90),
(2076, "Room", 90),
(2077, "Room", 90),
(2078, "Room", 90),
(2079, "Room", 90),
(2080, "Room", 90),
(2081, "Room", 90),
(2082, "Room", 90),
(2083, "Room", 90),
(2084, "Room", 90),
(2085, "Room", 90),
(2086, "Room", 90),
(2087, "Room", 90),
(2088, "Room", 90),
(2089, "Room", 90),
(2090, "Room", 90),
(2091, "Room", 120),
(2092, "Room", 120),
(2093, "Room", 120),
(2094, "Room", 120),
(2095, "Room", 120),
(2096, "Room", 120),
(2097, "Room", 120),
(2098, "Room", 120),
(2099, "Room", 120),
(2100, "Room", 120),
(2101, "Room", 120),
(2102, "Room", 120),
(2103, "Room", 120),
(2104, "Room", 120),
(2105, "Room", 120),
(2106, "Room", 120),
(2107, "Room", 120),
(2108, "Room", 120),
(2109, "Room", 120),
(2110, "Room", 120),
(2111, "Room", 120),
(2112, "Room", 120),
(2113, "Room", 120),
(2114, "Room", 120),
(2115, "Room", 120),
(2116, "Room", 120),
(2117, "Room", 120),
(2118, "Room", 120),
(2119, "Room", 120),
(2120, "Room", 120),
(3001, "Room", 100),
(3002, "Room", 100),
(3003, "Room", 100),
(3004, "Room", 100),
(3005, "Room", 100),
(3006, "Room", 100),
(3007, "Room", 100),
(3008, "Room", 100),
(3009, "Room", 100),
(3010, "Room", 100),
(3011, "Room", 120),
(3012, "Room", 120),
(3013, "Room", 120),
(3014, "Room", 120),
(3015, "Room", 120),
(3016, "Room", 120),
(3017, "Room", 120),
(3018, "Room", 120),
(3019, "Room", 120),
(3020, "Room", 120),
(3021, "Room", 120),
(3022, "Room", 120),
(3023, "Room", 120),
(3024, "Room", 120),
(3025, "Room", 120),
(3026, "Room", 120),
(3027, "Room", 120),
(3028, "Room", 120),
(3029, "Room", 120),
(3030, "Room", 120),
(3031, "Room", 120),
(3032, "Room", 120),
(3033, "Room", 120),
(3034, "Room", 120),
(3035, "Room", 120),
(3036, "Room", 120),
(3037, "Room", 120),
(3038, "Room", 120),
(3039, "Room", 120),
(3040, "Room", 120),
(3041, "Room", 140),
(3042, "Room", 140),
(3043, "Room", 140),
(3044, "Room", 140),
(3045, "Room", 140),
(3046, "Room", 140),
(3047, "Room", 140),
(3048, "Room", 140),
(3049, "Room", 140),
(3050, "Room", 140),
(3051, "Room", 140),
(3052, "Room", 140),
(3053, "Room", 140),
(3054, "Room", 140),
(3055, "Room", 140),
(3056, "Room", 140),
(3057, "Room", 140),
(3058, "Room", 140),
(3059, "Room", 140),
(3060, "Room", 140),
(3061, "Room", 140),
(3062, "Room", 140),
(3063, "Room", 140),
(3064, "Room", 140),
(3065, "Room", 140),
(3066, "Room", 140),
(3067, "Room", 140),
(3068, "Room", 140),
(3069, "Room", 140),
(3070, "Room", 140),
(3071, "Room", 160),
(3072, "Room", 160),
(3073, "Room", 160),
(3074, "Room", 160),
(3075, "Room", 160),
(3076, "Room", 160),
(3077, "Room", 160),
(3078, "Room", 160),
(3079, "Room", 160),
(3080, "Room", 160),
(4001, "Room", 100),
(4002, "Room", 100),
(4003, "Room", 100),
(4004, "Room", 100),
(4005, "Room", 100),
(4006, "Room", 100),
(4007, "Room", 100),
(4008, "Room", 100),
(4009, "Room", 100),
(4010, "Room", 100),
(4011, "Room", 120),
(4012, "Room", 120),
(4013, "Room", 120),
(4014, "Room", 120),
(4015, "Room", 120),
(4016, "Room", 120),
(4017, "Room", 120),
(4018, "Room", 120),
(4019, "Room", 120),
(4020, "Room", 120),
(4021, "Room", 120),
(4022, "Room", 120),
(4023, "Room", 120),
(4024, "Room", 120),
(4025, "Room", 120),
(4026, "Room", 120),
(4027, "Room", 120),
(4028, "Room", 120),
(4029, "Room", 120),
(4030, "Room", 120),
(4031, "Room", 120),
(4032, "Room", 120),
(4033, "Room", 120),
(4034, "Room", 120),
(4035, "Room", 120),
(4036, "Room", 120),
(4037, "Room", 120),
(4038, "Room", 120),
(4039, "Room", 120),
(4040, "Room", 120),
(4041, "Room", 140),
(4042, "Room", 140),
(4043, "Room", 140),
(4044, "Room", 140),
(4045, "Room", 140),
(4046, "Room", 140),
(4047, "Room", 140),
(4048, "Room", 140),
(4049, "Room", 140),
(4050, "Room", 140),
(4051, "Room", 140),
(4052, "Room", 140),
(4053, "Room", 140),
(4054, "Room", 140),
(4055, "Room", 140),
(4056, "Room", 140),
(4057, "Room", 140),
(4058, "Room", 140),
(4059, "Room", 140),
(4060, "Room", 140),
(4061, "Room", 140),
(4062, "Room", 140),
(4063, "Room", 140),
(4064, "Room", 140),
(4065, "Room", 140),
(4066, "Room", 140),
(4067, "Room", 140),
(4068, "Room", 140),
(4069, "Room", 140),
(4070, "Room", 140),
(4071, "Room", 160),
(4072, "Room", 160),
(4073, "Room", 160),
(4074, "Room", 160),
(4075, "Room", 160),
(4076, "Room", 160),
(4077, "Room", 160),
(4078, "Room", 160),
(4079, "Room", 160),
(4080, "Room", 160),
(5001, "Room", 400),
(5002, "Room", 400),
(5003, "Room", 400),
(5004, "Room", 400),
(5005, "Room", 400),
(5006, "Room", 700),
(5007, "Room", 700),
(5008, "Room", 700),
(5009, "Room", 700),
(5010, "Room", 700),
(5011, "Room", 700),
(5012, "Room", 700),
(5013, "Room", 700),
(5014, "Room", 700),
(5015, "Room", 700),
(5016, "Room", 1000),
(5017, "Room", 1000),
(5018, "Room", 1000),
(5019, "Room", 1000),
(5020, "Room", 1000);





/*service_without_subscription*/
insert into service_without_subscription(service_id, service_description, service_cost)
values
(1, "Drink at bar", 10),
(2, "Food and drink at restaurant", 20),
(3, "Hair salon", 15)
